,Decision Tree,Logistic Regression,Gradient Boosting,k-NN,SVM
Sample1,0.9180327868852459,0.9344262295081968,0.9180327868852459,0.6557377049180327,0.6229508196721312
Sample2,0.9180327868852459,0.8852459016393442,0.9672131147540983,0.7704918032786885,0.5737704918032787
Sample3,1.0,0.9836065573770492,0.9836065573770492,0.8032786885245902,0.6721311475409836
Sample4,0.9836065573770492,0.9836065573770492,0.9836065573770492,0.8032786885245902,0.6721311475409836
Sample5,0.9180327868852459,0.9344262295081968,0.9672131147540983,0.7704918032786885,0.7377049180327869
